title,url,synopsis,genre,country,year
생활의 발견,https://pedia.watcha.com/ko-KR/contents/mpWpGA5,"연극계에서 제법 알려진 배우 경수(김상경). 잘 아는 감독만 믿고 영화에 출연했는데 흥행이 시원치 않다. 런닝 개런티를 부득부득 우겨 받아내는데 딸랑 100만원. 약속했던 차기작 캐스팅은 날아가 버렸고. 이제 뭘 하지? 글을 쓰는 선배를 찾아 춘천으로 내려간 경수. 자신의 팬이라는 명숙(예지원)를 만난다. 무용가인 그녀는 얼굴도 예쁘고 몸매도 근사하다. 함께 술을 마시다가 그녀는 갑작스레 경수에게 호감을 표시하고 둘의 사이는 얼떨결에 급진전한다. 그러나 사실 그녀는 선배가 남몰래 좋아하던 여인인데...어, 이래도 되는 거야? 믿지 못 할 춘천의 기억을 뒤로 하고 충동적으로 경주행 기차에 오른 경수. 옆자리의 선영(추상미)에게 강하게 끌린다. 선영을 무작정 쫓아 나서지만, 차가운 듯 아닌 듯 그녀의 태도가 묘하다. 다음날 그녀의 집까지 찾아가는 경수. 그러나 선영의 놀��라운 선언을 듣는데...",드라마/로맨스,한국,2002
게임의 법칙,https://pedia.watcha.com/ko-KR/contents/mJO1qQO,"멋진 인생을 살고 싶어하는 용대(박중훈)와 그를 사랑하는 미용사 태숙(오연수)은 주먹 세계의 대부인 유광천을 찾아 무작정 상경한다. 올라오던 기차 안에서 만수(이경영)에게 사기를 당해 빈털터리가 되자 용대는 급한 마음에 태숙을 포주에게 팔아 넘긴 후 유광천을 찾아 헤맨다. 위기에 처한 유광천을 구해주어 드디어 그의 부하가 된 용대, 그는 술집에서 호스테스가 된 태숙과 재회하는데 그녀는 아직도 그를 사랑한다. 용대는 첫 임무를 무사히 마치지만 용대 때문에 조직에 끌려가 다리를 잘린 만수는 둘의 주위를 맴돈다. 용대의 바램과는 달리 광천파는 날로 커지는 용대의 세력에 불안을 느끼고 그에게 조직을 위협하는 김검사를 살해하라는 명령을 내리는데...",액션,한국,1994
주먹이 운다,https://pedia.watcha.com/ko-KR/contents/m9dBzpd,"왕년엔 복싱스타. 지금은 매맞는 남자. 이제 더 이상 물러설 곳이 없다!! 한때 아시안 게임 은메달리스트로 잘 나가던 태식, 현재 그는 길거리 한복판에서 돈을 받고 사람들에게 매맞아 주는 일을 한다. 도박으로 진 빚과 공장의 화재로 인해, 가진 것을 모두 날린 후, 생계를 위해 어쩔 수 없이 거리의 매맞는 복서로 나서게 된 것. 그에게 유일하게 남은 것은 아내와 사랑하는 아들뿐. 이제, 그를 찾는 것은 소문을 듣고 전국 각지에서 몰려든 구경꾼들과 빚쟁이뿐인 처량한 신세다. 몸과 마음이 모두 피폐해진 그에게 설상가상으로 아내는 이혼을 요구해 오고, 삶의 유일한 희망인 아들 ‘서진’이와 함께 살 수 없게 되자 태식은 깊은 절망감에 빠지게 된다. 이제 더 이상 물러 설 곳도, 잃을 것도 없는 인생 막장의 늙은 복서 태식은 다시금 희망을 품고 신인왕 전 출전을 결심하게 되는데… 한편, 패싸움과 삥듣기가 하루 일과인 상환. 어느 날 큰 패싸움에 휘말려 합의금이 필요하자 동네 유지의 돈을 노린 강도 사고를 벌이게 되고 이 사건으로 상환은 소년원에 수감된다. 수감 첫날부터, 권투부 짱 ‘권록’과 한판 싸움을 벌이고 독방에 갇히고 순조롭지 않은 생활이 시작된다. 권록과의 싸움을 눈 여겨 본 교도 주임은 상환에게 권투부 가입을 권한다. 하고 싶은 것도 되고 싶었던 것도 없던 19살의 상환에게 권투는 처음으로 무언가 할 수 있다는 의지와 기쁨을 깨달아 간다. 그러던 어느 날, 공사장에서 일 하던 아버지가 갑작스런 사고로 돌아가시고 할머니 마저 쓰려졌다는 청천벽력 같은 소식이 전해져 온다. 쇼크에 쌓인 상환은 아버지를 잃은 슬픔을 잊고 할머니가 하루빨리 깨어 날수 있도록 신인왕 전에 출전해 결승의 꿈을 이뤄보려는 전의를 불태우는데…",드라마/액션,한국,2005
사이비,https://pedia.watcha.com/ko-KR/contents/mdjRAad,"'민철'(양익준)은 수몰 예정 지역인 시골 마을에 살고있는 단순무식한 난봉꾼이다. 딸 '영선'(박희본)이 공장에 다니며 마련한 대학 등록금까지 빼앗을 정도로 행실이 좋지 못하다. 어느 날 술집에서 '최경석'(권해효)과 시비가 붙어 한 대 얻어맞은 민철은 되갚아 주기 위해 경석을 추적한다. 한편 마을에는 교회가 새로 생겨 목사 '철우'(오정세)와 장로 최경석이 수몰 위기에 놓인 마을 주민들의 절박한 마음을 달래주고, 마을 주민들은 물론 민철의 딸 영선까지도 이내 그들에게 빠져들어 의지하게 된다. 민철은 경찰서 수배전단에서 최경석이 수배중인 사기꾼이라는 것을 발견하게 되고, 마을 주민들에게 그의 실상을 알리지만 그들은 좀처럼 민철의 뜻대로 반응하지 않는다. 최경석 일당의 린치에도 불구하고 경석이 사기꾼임을 부르짖지만 아무도 믿으려하지 않고, 설상가상 영선은 대학 등록금을 대주겠다는 경석의 꼬임에 빠져 술집 도우미로 전락한다. 기적을 빙자해 마을 주민들의 보상금을 노리는 사기꾼 장로 최경석, 그를 돕는 목사 철우, 유일하게 그들의 정체를 알고 있는 주정뱅이 폭군 민철, 그리고 마을 주민들. 이들은 결국 자신이 믿는 것이 진짜임을 증명하기 위해 충돌하게 된다.",애니메이션/스릴러,한국,2013
헤어질 결심,https://pedia.watcha.com/ko-KR/contents/m5DP0eR,"산 정상에서 추락한 한 남자의 변사 사건. 담당 형사 '해준'(박해일)은 사망자의 아내 '서래'(탕웨이)와 마주하게 된다. “산에 가서 안 오면 걱정했어요, 마침내 죽을까 봐.” 남편의 죽음 앞에서 특별한 동요를 보이지 않는 서래. 경찰은 보통의 유가족과는 다른 서래를 용의선상에 올린다. 해준은 사건 당일의 알리바이 탐문과 신문, 잠복수사를 통해 서래를 알아가면서 그녀에 대한 관심이 점점 커져가는 것을 느낀다. 한편, 좀처럼 속을 짐작하기 어려운 서래는 상대가 자신을 의심한다는 것을 알면서도 조금의 망설임도 없이 해준을 대하는데…. 진심을 숨기는 용의자 용의자에게 의심과 관심을 동시에 느끼는 형사 그들의 <헤어질 결심>",로맨스/드라마/미스터리/범죄/스릴러,한국,2022
곡성(哭聲),https://pedia.watcha.com/ko-KR/contents/mWLjVZD,"낯선 외지인이 나타난 후 벌어지는 의문의 연쇄 사건들로 마을이 발칵 뒤집힌다. 경찰은 집단 야생 버섯 중독으로 잠정적 결론을 내리지만 모든 사건의 원인이 그 외지인 때문이라는 소문과 의심이 걷잡을 수 없이 퍼져 나간다. 경찰 ‘종구’(곽도원)는 현장을 목격했다는 여인 ‘무명’(천우희)을 만나면서 외지인에 대한 소문을 확신하기 시작한다. 딸 ‘효진’이 피해자들과 비슷한 증상으로 아파오기 시작하자 다급해진 ‘종구’. 외지인을 찾아 난동을 부리고, 무속인 ‘일광’(황정민)을 불러 들이는데...",미스터리/스릴러/드라마,한국,2016
가족의 탄생,https://pedia.watcha.com/ko-KR/contents/mnWJxdw,"누가 보면 연인 사이라 오해할 만큼 다정한, 친구 같고 애인 같은 남매 미라(문소리)와 형철(엄태웅). 인생이 자유로운 형철은 5년 동안 소식 없다 불현듯 누나 미라를 찾아온다. 인생이 조금은 흐릿한 20살 연상녀인 무신(고두심)과 함께.. 똑 부러지는 인생을 꿈꾸던 미라는 사랑하는 동생 형철 그리고 동생이 사랑하는 여인 무신과의 아슬아슬, 어색한 동거를 시작하는데..한편, 리얼리스트 선경(공효진)은 로맨티스트 엄마 매자(김혜옥)때문에 인생이 조용할 날이 없다. 사랑이라면 만사 오케이인 엄마의 뒤치다꺼리 하다 보니 이리저리 치인 기억에 사랑이 마냥 좋지만은 않은 선경. 남자친구 준호(류승범)와의 애정전선에 낀 먹구름도 맑게 개일 기미를 보이지 않는다. 딸의 연애가 위태위태한데 매자는 왜 또 선경을 찾으시는지..그리고 그 놈의 사랑 때문에 인생이 편할 날 없는 경석(봉태규)과 채현(정유미)이 있다. 얼굴도 예쁘고 맘도 예쁜 채현이 넘치는 사랑을 주위 사람들에게 너무 나누어주다 보니 정작 남자친구는 애정결핍증에 걸리고 만 기구한 커플이다. 이건 아니다 싶은 경석. 참고 참다 둘 사이에 강수를 놓기로 하는데..과연 채현이 그 수에 걸려들까? 하루가 멀다 하고 웬~수처럼 으르렁대는 이들.. 사랑만으로도 복잡한데 이 7명은 여기저기서 또 얽히고 설킨 스캔들로 인생 들썩이기 일쑤다. 어쩌다 저렇게 엮이는지, 살짝 피곤해지려고 할 때. 꿈에도 생각지 못한 하나의 비밀이 이들에게 다가오는데...사랑에, 스캔들에, 바람 잘 날 없는 이들 과연 찬란한 행복이 탄생할 수 있을까?",드라마,한국,2006
부당거래,https://pedia.watcha.com/ko-KR/contents/mWvkKMO,"온 국민을 충격으로 몰아넣은 연쇄 살인 사건. 계속된 검거 실패로 대통령이 직접 사건에 개입하고, 수사 도중 유력한 용의자가 사망하는 사고가 발생하자 경찰청은 마지막 카드를 꺼내든다. 가짜 범인인 ‘배우’를 만들어 사건을 종결 짓는 것! 이번 사건의 담당으로 지목된 광역수사대 에이스 최철기(황정민). 경찰대 출신이 아니라는 이유 때문에 줄도, 빽도 없던 그는 승진을 보장해주겠다는 상부의 조건을 받아들이고 사건에 뛰어들게 된다. 그는 스폰서인 해동 장석구(유해진)를 이용해 ‘배우’를 세우고 대국민을 상대로 한 이벤트를 완벽하게 마무리 짓는다. 한편, 부동산 업계의 큰 손 태경 김회장으로부터 스폰을 받는 검사 주양(류승범)은 최철기가 입찰 비리건으로 김회장을 구속시켰다는 사실에 분개��해 그의 뒤를 캐기 시작한다. 때마침 자신에게 배정된 연쇄 살인 사건의 범인을 조사하던 주양은 조사 과정에서 최철기와 장석구 사이에 거래가 있었음을 알아차리고, 최철기에게 또 다른 거래를 제안하는데...",범죄/드라마,한국,2010
고양이를 부탁해,https://pedia.watcha.com/ko-KR/contents/mDWvkEO,"태희와 혜주, 지영, 화교계 샴쌍둥이인 비류와 온조는 단짝 여고시절을 보내고 사회에 나간 다섯 친구들이다. 하릴없이 집안일을 돕는 태희와 서울 증권회사에서 성공을 꿈꾸는 야심찬 혜주, 텍스타일 디자이너가 되고 싶지만 가난 때문에 좌절하고 마는 지영, 액세서리 노점을 하는 쌍둥이 자매는 모두 스무 살이라는 인생의 과도기를 통과한다. 혜주의 생일날, 지영은 길거리를 헤매는 새끼 고양이 '티티'를 선물하지만 고양이를 맡아 키울 처지가 아닌 혜주는 다시 지영에게 티티를 넘긴다. 천장이 주저않는 지영의 집이 붕괴하면서 고양이는 태희에게 다시 쌍둥이 자매를 전전하게 된다.",드라마,한국,2001
마더,https://pedia.watcha.com/ko-KR/contents/mQO8XVO,"읍내 약재상에서 일하며 아들과 단 둘이 사는 엄마(김혜자). 그녀에게 아들 도준(원빈)은 온 세상과 마찬가지다. 28세의 나이답지 않게 제 앞가림을 못 하는 어수룩한 아들 도준은 자잘한 사고를 치고 다니며 엄마의 애간장을 태운다. 어느 날, 한 소녀가 살해 당하고 어처구니없이 도준이 범인으로 몰린다. 아들을 구하기 위해 백방으로 뛰는 엄마. 하지만 경찰은 서둘러 사건을 종결 짓고 무능한 변호사는 돈만 밝힌다. 결국 아들을 구하기 위해 믿을 사람 하나 없이 범인을 찾아나선 엄마. 도준의 혐의가 굳어져 갈수록 엄마 또한 절박해져만 간다.",드라마/미스터리/스릴러/범죄,한국,2009
살인의 추억,https://pedia.watcha.com/ko-KR/contents/mE5DYeW,"1986년 경기도. 젊은 여인이 무참히 강간, 살해당한 시체로 발견된다. 2개월 후 비슷한 수법의 강간살인사건이 연이어 발생하면서 사건은 세간의 주목을 받기 시작하고, 일대는 연쇄살인이라는 생소한 범죄의 공포에 휩싸인다. 사건 발생 지역에 특별수사본부가 설치되고, 수사본부는 구희봉 반장을 필두로 지역토박이 형사 박두만과 조용구, 그리고 서울 시경에서 자원해 온 서태윤이 배치된다. 육감과 폭력으로 수사를 진행하는 박형사와 증거와 과학수사를 추구하는 서형사는 수사 내내 마찰을 일으키는데...",범죄/미스터리/스릴러/드라마,한국,2003
범죄의 재구성,https://pedia.watcha.com/ko-KR/contents/m5nQDnd,"사기 전과로 출소한지 한 달, 최창혁(박신양)은 흥미로운 사기 사건을 계획한다. 그것은 바로 '꾼'들이라면 한번쯤 꿈꾸는 사상 최대 규모의 한국은행 사기극. 다섯 명의 최고 '꾼'이 한 팀을 이뤘다. 완벽한 시놉시스 개발자 최창혁(박신양)을 비롯, 사기꾼들의 대부 '김선생'(백윤식), 최고의 떠벌이 '얼매'(이문식), 타고난 여자킬러 '제비', 환상적인 위조기술자 '휘발류'. 그러나 그들은 서로를 믿지 못한다. 목표는 하나! 하지만 그들은 모두 서로 다른 속셈을 가지고 있다. 이들은 과연, 성공 할 수 있을까? 난공불락 '한국은행'이 당했다. 그러나 결과는 사라지고 없다! 한국 은행 50억 인출 성공! 그러나 결과는 없다. 모두 뿔뿔히 흩어지고, 돈은 사라졌다. 분명 헛점이 없었던 완벽한 계획. 무엇이 문제였던 것인가? 수사망이 좁혀지면서 부상당한 '얼매'가 체포되고, 도망을 다니던 '휘발류'는 도박장에서 잡힌다. '제비' 또한 빈털터리인 채 싸늘한 시체로 발견 된다. 그렇다면 이 모든 것이 아직 행방이 묘연한 '김선생'의 또 다른 사기극? 아니면 이 사기극을 계획했던 '최창혁'의 또 다른 시놉시스? 사건을 추적하던 '차반장'(천호진)과 경찰은, 한국은행 사기극의 덜미를 잡게 된 결정적 계기가 한 여자의 제보 전화라는 것을 알아낸다. 용의자로 떠오른 이는 팜므파탈 사기꾼 서인경(염정아). 김선생의 동거녀인 그녀는, 한국 은행 극에 끼지 못했지만 항상 그들의 곁을 맴돌고 있었던 것. 그럼, 그녀가 결정적인 제보자?",범죄/스릴러/코미디,한국,2004
와이키키 브라더스,https://pedia.watcha.com/ko-KR/contents/mwWLw05,"나이트클럽에서 연주하는 남성 4인조 밴드와이키키 브라더스는 불경기로 인해 한 곳에 정착하지 못한 채 출장 밴드를 전전한다. 팀의 리더 성우는 고교 졸업 후 한 번도 찾지 않았던 고향, 수안보의 와이키키 호텔에 일자리를 얻어 팀원들과 귀향한다.",드라마/음악,한국,2001
올드보이,https://pedia.watcha.com/ko-KR/contents/mY5QnJW,"오대수는 어느 날 술이 거나하게 취해 집에 돌아가는 길에 누군가에게 납치, 사설 감금방에 갇히게 된다. 중국집 군만두만을 먹으며 8평이라는 제한된 공간에서 그가 할 수 있는 일이라곤 텔레비전 보는 게 전부. 1년이 지났을 무렵, 뉴스를 통해 나오는 아내의 살해소식. 게다가 아내의 살인범으로 자신이 지목되고 있음을 알게 된 오대수는 복수와 탈출을 위해 감금방 한쪽 구석을 쇠젓가락으로 파기 시작한다. 감금 15년을 맞이하는 해, 마침내 사람 몸 하나 빠져나갈 만큼의 탈출구가 생겼을 때, 어이없게도 15년 전 납치됐던 바로 그 장소로 풀려나 있는 자신을 발견하게 된다.",드라마/범죄/미스터리/스릴러,한국,2003
죽거나 혹은 나쁘거나,https://pedia.watcha.com/ko-KR/contents/mMO29NW,"'패싸움' 공고 졸업생인 석환(류승완)과 성빈(박성빈)은 당구장에서 예고생들과 시비가 붙는다. 당구장 문이 잠기고 시작된 패싸움! 친구들의 싸움을 말리던 성빈이 실수로 예고생 현수를 살해하고 만다. '악몽' 살인죄로 7년간 감옥에 있던 성빈이 출소했다. 하지만 사회와 가족, 친구의 냉대 속에 현수의 악령만이 매일 밤 찾아와 악몽 같은 나날을 보내던 중 우연히 폭력조직의 중간보스 태훈(배중식)을 구하게 되면서 앞으로 주먹을 쓰며 살기로 결�심한다. '현대인' 폭력 조직의 중간보스 태훈 VS 강력계 형사 석환. 지하주차장에서 마주친 두 사람은 서로의 목숨을 걸고 죽기살기로 싸운다. 결국 태훈의 손목에 수갑을 채우는 석환! 하지만 거기서 끝난게 아니었다… '죽거나 혹은 나쁘거나' 야간고등학교를 그만두고 조폭이 되고자 형 몰래 성빈의 수하가 된 상환(류승범). 폭력배들끼리의 싸움이 벌어지던 날, 자신이 희생양이 된지도 모른 채 앞서 달려간다. 뒤늦게 소식을 듣고 동생을 찾기 위해 한달음에 달려간 석환은 성빈과 둘 만의 전쟁을 시작하는데…",액션/드라마/범죄,한국,2000
복수는 나의 것,https://pedia.watcha.com/ko-KR/contents/mJOVAYW,선천성 청각 장애인 류에게 누나는 유일한 가족이다. 신부전증을 앓고 있는 누나는 병이 악화되어 신장을 이식하지 않으면 얼마 살 수 없다는 진단을 받는다. 누나와 혈액형이 달라 이식 수술이 좌절된 류는 장기밀매단과 접촉해 자신의 신장과 전재산 천 만원을 넘겨주고 누나를 위한 신장을 받기로 하지만 모든 것이 사기로 드러난다. 누나에게 맞는 신장을 찾기 위해 돈이 필요한 류는 애인이자 운동권 학생인 영미의 말에 아이를 유괴한다. 착한 유괴라고 류를 설득해 동진의 딸을 유괴하지만 이 사실을 알게 된 류의 누이는 스스로 목숨을 끊고 우연한 사건으로 아이마저 죽게 되는데...,범죄/스릴러,한국,2002
파이란,https://pedia.watcha.com/ko-KR/contents/m1d6PYW,"[2025 문화다양성 주간 / 가수 이상순] 중국 이주 여성을 통해 본 한국사회의 어두운 현실입니다. 하지만 그곳에서도 여전히 인간애를 찾아볼 수 있는 따뜻한 메시지를 전하는 작품이죠. 어디에서도 인정받지 못하는 삼류 건달 `강재`는 막장 인생의 마지막 찬스로 평생 꿈인 배 한 척을 살 돈을 받고 보스 대신 감옥에 가기로 한다. 자수를 준비하던 그에게 뜬금없이 아내의 부고 소식이 전해지는데 그녀의 이름은 `파이란`. 돈 몇 푼 받고 위장 결혼을 해준 중국 여인이었다. 얼굴도 기억나지 않는 그녀의 마지막을 배웅하러 가는 길. 너무 늦게 전해진 `파이란`의 편지에는 `강재`에 대한 고마움과 그리움, 그리고 사랑이 적혀있다. `모두 친절하지만 강재 씨가 가장 친절합니다. 잊어버리지 않도록 보고 있는 사이에 강재 씨를 좋아하게 됐습니다. 당신의 아내로 죽는다는 것 괜찮습니까?` 세상은 날 삼류라 하고 이 여자는 날 사랑이라 한다",드라마/로맨스,한국,2001
황해,https://pedia.watcha.com/ko-KR/contents/m5awavO,"황해를 건너 온 남자, 모두가 그를 쫓는다! 연변에서 택시를 운전하며 구질구질한 일상을 살아가는 구남. 한국으로 돈 벌러 간 아내는 6개월째 소식이 없고, 돈을 불리기 위해 마작판에 드나들지만 항상 잃을 뿐이다. 그러던 어느 날, 살인청부업자 면가에게서 한국에 가서 누군가를 죽이고 오라는 제안을 받게 된 구남은 빚을 갚기 위해, 그리고 아내를 만나기 위해 황해를 건너는데… 매서운 바다를 건너 서울로 온 구남은 살인 기회를 노리는 동시에 아내의 행방을 수소문한다. 하지만 목표물은 구남의 눈앞에서 살해 당하고, 구남은 현장에서 도주하지만 살인자 누명을 쓴 채 경찰에 쫓기게 된다. 이에 청부살인을 의뢰했던 태원은 증거 인멸을 위해 구남을 없애려 하고, 연변에 있던 면가 또한 황해를 건너와 구남을 쫓기 시작하는데… 지독한 놈들에게서 벗어나기 위한, 절박한 사투가 시작된다!",스릴러/액션/범죄,한국,2010
수취인불명,https://pedia.watcha.com/ko-KR/contents/mP5m6zW,"1970년대 말, 미군부대가 주둔하고 있는 한 마을 입구의 버스에는 양공주였던 창국 엄마가 혼혈 아들 창국과 단 둘이 살면서 미국에 간 흑인 남편에게 끊임없이 편지를 쓴다. 그러나 편지는 늘 '수취인불명' 도장이 찍혀서 돌아온다. 개장수 개눈은 창국 엄마에 대한 연정으로 그들 모자를 돌본다. 창국은 '혼혈아'라는 이유로 사람들에게 따돌림을 받아 개눈 밑에서 개를 잡으며 생활한다. 어렸을 때 다친 눈 때문에 폐쇄적인 성격인 은옥은 화방에서 일하는 지흠의 사랑을 받아들이지 못하고 눈을 고쳐주겠다는 미군 제임스에게 몸을 준다. 개눈은 자기 어머니에게 폭력을 행사하는 창국에게 가혹하게 대하는데...",드라마,한국,2001
태백산맥,https://pedia.watcha.com/ko-KR/contents/m5eJ8ZW,"해방 후, 좌익과 우익의 대립이 심화되는 상황에서 48년 10월 여순 사건이 터진다. 전라남도 보성군 당 위원장인염상진을 필두로 한 좌익들은 벌교를 장악하고 인민 재판을 열러 반동 분자를 숙청하기에 이른다. 하지만 반란군 주력이 크게 패하는 바람에 결국은 조계산으로 후퇴하고 만다. 벌교로 돌아 온 우익세력들은 좌익 세력과 그의 가족들을 연행하여 조사하고 대동청년단 감찰부장인 염상구는 형에 대한 증오로 가�득 차 이 일에 앞장선다. 수도경찰의 주도로 손가락 재판이 벌어 지면서 무고한 희생자가 발생하는 가운데, 염상구는 빨치산인 강동식의 아내를 겁탈하고 반란 때 처형된 유지의 자식들은 ‘멸공단’이라는 조직을 만들어 좌익 가족에 대한 테러를 자행한다. 한편, 전라남도 도당 직속의 정하섭이 무당 소화의 집에 잠입하게 되면서 둘 사이에는 신분을 뛰어넘는 사랑이 싹트게 된다. 민족주의자인 교사 김범우는 벌교 내에서 벌어진 좌익과 우익의 잔인하고 폭력적인 행위를 비판하며 막아보려고 하지만 빨갱이로 몰리게 되어 멸공단에게 테러를 당한다. 산속 깊숙이 자리잡은 빨치산을 토벌하기 위해 심재모가 이끄는 계엄군이 벌교에 도착하고, 벌교에 남은 좌익 가족들의 생활은 비참하기 그지 없다. 이렇게 어지러운 상황 속에서 설상가상으로 드디어 전쟁이 터졌다는 소식이 들려 오는데…",전쟁/드라마,한국,1994
마지막 푸른빛,https://pedia.watcha.com/ko-KR/contents/mdMRb82,"근미래의 브라질을 배경으로 노인을 사회에서 배제하려는 국가 정책에 저항하는 한 여성의 여정을 그린 디스토피아 로드무비다. 77세의 테레사는 ‘은퇴 구역’으로 이송되기 직전 자유를 찾아 탈출을 감행한다. 영화는 국가의 제도와 억압에서 벗어나 자기의 의지로 나아가려는 노인의 험난한 여정을 통해 나이가 들어도 변하지 않는 자유와 존엄의 가치를 섬세하게 담아낸다. 4:3 화면비는 테레사의 상황과 내면을 효과적으로 담아내고, 푸른 달팽이의 환각 장면은 그녀의 복잡한 내면을 시각화하는 한편, 로베르타와의 연대는 <델마와 루이스>를 연상시키는 해방의 정서를 만들어낸다. 정치 사회적 은유와 감각적 스타일을 결합하여 ‘늙는다는 것’과 삶의 의미를 탐구한 아름답고 유쾌한 반란의 영화로, 올해 베를린영화제 심사위원대�상 수상작이다. (조지훈) [제30회 부산국제영화제]",모험/판타지/SF,"브라질, 멕시코, 네덜란드, 칠레",2025
여행자의 필요,https://pedia.watcha.com/ko-KR/contents/mO07KQL,"어디서 온지 모르는 이 사람은 불란서에서 왔다고 하고, 어린애 피리를 근린공원에서 열심히 불고 있었습니다. 돈도 없고 어떻게 살지 몰라해 불어를 가르쳐보라 권했고, 그렇게 두 명의 한국여자들에게 선생이 되었습니다. 땅에 맨발로 걷는 것을 좋아하고, 돌에 누워있는 걸 좋아하고, 힘이 되는 때 순간 순간을 비언어적으로 바라보려하고, 최대한 사실에 근거한 삶을 살려고 애씁니다. 그래도 사는 건 변함없이 고되고, 매일 막걸리에 의존하며 조금의 편안함을 얻습니다. 홍상수 감독의 31번째 영화 <여행자의 필요>는 제목 그대로 여행자의 걸음 속에서 비언어적인 순간들을 경유한다. 불란서에서 왔다는 이리스(이자벨 위페르)는 서울을 돌아다니며 프랑스어를 가르친다. 그렇지 않을 땐 동산이나 공원에 머물며 사람들을 만나기도 한다. 땅에 맨발로 걷는 것을 좋아하고, 돌에 누워 있는 것도 좋아하고, 무엇보다 막걸리를 좋아한다. 홍상수 감독의 전작들과 마찬가지로 설명이 필요한 순간 비워내는 이 영화는 마치 시의 리듬, 운율처럼 반복과 변주 속에서 공명하는 순간들을 차분히 담아낸다. 여행자에게 필요한 것이 무엇인지 궁금한 마음으로 이리스의 걸음에 보폭을 맞추다 보면, 어느새 여행자가 가져온 낯선 시선과 생경한 공기가 우리 삶에 왜 필요한지 실감 중인 자신을 발견할 것이다. (송경원) [제29회 부산국제영화제] [제13회 디아스포라영화제]",드라마,한국,2024
어파이어,https://pedia.watcha.com/ko-KR/contents/mW42YRX,집필을 마무리 하기 위해 '펠릭스'와 함께 발트해 인근 별장으로 간 '레온'을 다룬 영화,코미디/드라마/로맨스,독일,2023
소설가의 영화,https://pedia.watcha.com/ko-KR/contents/mOVPBrz,"여소설가가 잠적한 후배의 책방으로 먼 길을 찾아옵니다. 그리고 혼자 타워를 오르고 영화감독 부부를 만나고 공원을 산책하다 여배우를 만나게 되고, 여배우에게 당신과 영화를 만들고 싶다 설득을 합니다. 둘이 분식집에서 뭘 먹고, 다시 찾게 되는 후배의 책방에서 술자리가 깊어지고 여배우는 취해 잠이 드는데…",드라마,한국,2021
우연과 상상,https://pedia.watcha.com/ko-KR/contents/mWJXLgQ,"“마법보다 더 불확실한 걸 믿어볼 생각 있어?” ‘메이코’는 집으로 돌아가는 택시 안에서 친구에게 새로운 연애 상대 이야기를 듣는다. 여대생 ‘나오’는 교수 앞에서 그가 쓴 소설의 일부를 낭독한다. 20년 만에 고향을 찾은 ‘나츠코’는 그토록 만나고 싶던 동창생과 재회한다. 우연이 만들어내는, 조용히 아주 크게 움직이는 인생의 순간들이 있다. 이 영화는 그에 대한 상상의 결과물이다.",드라마/로맨스,일본,2021
"전혀아니다,별로아니다,가끔그렇다,항상그렇다",https://pedia.watcha.com/ko-KR/contents/mW9p2xK,펜실베니아 시골에 사는 어텀은 의도하지 않은 임신을 하게 되어 사촌 스카이라와 함께 의학적 도움을 구하기 위해 뉴욕으로 떠나게 된다.,드라마,"미국, 영국",2020
신의 은총으로,https://pedia.watcha.com/ko-KR/contents/m5ewMl9,“신의 은총으로 공소시효가 지났습니다.” 행복한 가정을 꾸린 알렉상드르는 유년시절 자신에게 성적 학대를 저지른 프레나 신부가 여전히 아이들을 가르치고 있다는 소식에 큰 충격을 받는다. 알렉상드르와 같은 피해를 입은 프랑수아와 에마뉘엘은 더 이상의 고통을 막기 위해 ‘라 프롤 리베레(해방된 목소리)’라는 단체를 결성하고 교회에 프레나 신부의 파면을 요구한다. 하지만 교회는 공소시효를 내세우며 범죄를 은폐하려하는데…,드라마,"프랑스, 벨기에",2018
얼굴,https://pedia.watcha.com/ko-KR/contents/mOo0wgL,"야첵은 헤비메탈, 여자친구, 자신의 애완견을 사랑하는 남자다. 그는 세계에서 가장 큰 예수상의 건설현장에서 일하고 있다. 그가 심각한 사고로 얼굴 외관을 잃자, 여자친구는 떠나고 사람들은 그를 멀리한다. 그는 다시 그의 삶을 되돌리고 싶다. [제23회 부산국제영화제]",코미디/드라마,폴란드,2018
펠리시테,https://pedia.watcha.com/ko-KR/contents/m5Y6QXl,클럽 가수 펠리시테는 열네 살 아들의 수술비를 위해 꿈과 음악이 혼재된 킨샤사 거리를 정신없이 다니던 중 클럽의 단골손님 타부를 만난다. [제18회 전주국제영화제],드라마/음악,"프랑스, 벨기에, 세네갈, 독일, 레바논, 콩고 민주 공화국",2017
사라예보의 죽음,https://pedia.watcha.com/ko-KR/contents/m5Y6xPQ,"20세기 유럽 분쟁사의 중심 사라예보. EU 주최의 만찬을 앞둔 날, 재정 위기에 빠져 파업을 목전에 둔 호텔 유럽은 자본, 정치, 계급, 인종 등 유럽사회 이념갈등이 한데 모인 알레고리적 공간이 된다. <노 맨스 랜드>의 다니스 타노비치가 해부하는 현대유럽정치사의 또 다른 얼굴. (2016년 제21회 부산국제영화제)",드라마,"프랑스, 보스니아 헤르체고비나",2016
더 클럽,https://pedia.watcha.com/ko-KR/contents/md6Y8Xy,"해안가 외딴 집엔 한 명의 수녀와 여러 명의 수상한 신부들이 함께 살고 있다. 일체의 기도를 하지 않는 이들 앞에 새로운 신부가 나타나자 의문의 살인사건이 발생하고, 가톨릭교회는 조사원을 파견하기에 이른다. [제17회 전주국제영화제]",드라마/미스터리/스릴러,칠레,2015
그랜드 부다페스트 호텔,https://pedia.watcha.com/ko-KR/contents/mWyXDK5,"1927년 세계대전이 한창이던 어느 날, 세계 최고 부호 ‘마담 D.(틸다 스윈튼)’가 ‘그랜드 부다페스트 호텔’에 다녀간 지 얼마 지나지 않아 의문의 살인을 당한다. 그녀는 유언을 통해 가문 대대로 내려오던 명화 ‘사과를 든 소년’을 전설적인 호텔 지배인이자 연인 ‘구스타브(랄프 파인즈)’ 앞으로 남긴다. 마담 D.의 유산을 노리고 있던 그의 아들 ‘드미트리(애드리언 브로디)’는 구스타브를 졸지에 유력한 용의자로 지목하게 되고, 구스타브는 충실한 호텔 로비보이 ‘제로(토리 레볼로리)’와 함께 누명을 벗기기 위한 기상천외한 모험을 시작한다. 한편, 드미트리는 그녀의 유품과 함께 ‘그랜드 부다페스트 호텔’까지 차지하기 위해 무자비한 킬러 ‘조플링(윌렘 대포)’를 고용하기에 이르는데...",드라마/코미디/모험,"독일, 미국, 영국",2014
어느 남편의 부인 살리기,https://pedia.watcha.com/ko-KR/contents/mdEjzV5,"인종주의와 가난, 엄격한 관료주의로 얼룩진 현대 유럽의 불평등에 관한 보고서. 발칸 반도에 사는 한 집시 출신 남자의 아내가 유산을 하고 병원치료를 받아야 할 상황에 처한다. 의료보험이 없어 감당할 수 없는 액수의 병원비가 나오자 그는 극단적인 결정을 내린다. [제18회 부산국제영화제]",드라마,"보스니아 헤르체고비나, 프랑스, 슬로베니아, 이탈리아",2013
바람처럼,https://pedia.watcha.com/ko-KR/contents/mOkBEJW,목숨을 위협할 정도의 사건들이 쉽게 감지될 정도로 고조되는 분위기 속에서 폭력적인 인종차별주의에서 탈출하고자 하는 한 집시가족의 이야기. 헝가리에서 한 해에 여덟 명이 목숨을 잃은 연쇄 살인 사건에 근거를 두었다. (제17회 부산국제영화제),드라마,"헝가리, 독일, 프랑스",2012
토리노의 말,https://pedia.watcha.com/ko-KR/contents/mWywwNd,"1889년 토리노. 니체는 마부의 채찍질에도 꿈쩍 않는 말에게 달려가 목에 팔을 감으며 흐느낀다. 그 후 니체는 ‘어머니 저는 바보였어요’라는 마지막 말을 웅얼거리고, 10년간 식물인간에 가까운 삶을 살다가 세상을 떠난다. 어느 시골 마을. 마부와 그의 딸 그리고 늙은 말이 함께 살고 있다. 밖에서는 거센 폭풍이 불어오고 매일매일 되풀이되는 단조로운 일상 속에 아주 조금씩 작은 변화가 생기기 시작하는데…",드라마,"헝가리, 독일, 미국, 스위스, 프랑스",2011
휘파람을 불고 싶다,https://pedia.watcha.com/ko-KR/contents/mObBgaO,"비행 소년 실비우는 소년원에 수감 중이다. 출소를 5일 앞두고, 오랫동안 사라졌던 어머니가 나타나 남동생을 데려가려고 한다. 평소 동생을 친아들처럼 아껴왔던 실비우에게 남은 5일은 길게만 느껴진다. 마침내 실비우는 소년원을 탈출하고 바깥 세상의 자유를 맛보게 된다. (2010년 제15회 부산국제영화제)",드라마,"루마니아, 스웨덴, 독일",2010
자이언트,https://pedia.watcha.com/ko-KR/contents/mdBrGAd,슈퍼마켓�에서 일하는 경비원이 한 여성에게 강한 집착을 보이면서 일어나는 이야기.,드라마,"우루과이, 아르헨티나, 독일, 스페인, 네덜란드",2009
에브리원 엘스,https://pedia.watcha.com/ko-KR/contents/mOoNnZW,"겉으로 보기에 크리스와지티는 서로 사랑에 빠진 완벽한 커플이다. 사르디니아의 별장에서 즐거운 휴가를 보내는 두 사람은 그러나 은밀하게 지키는 예의와 어리석은 듯 느껴지는 관습들로 둘 사이의 모호한 긴장감을 감추고 있다. 이들의 관계는 그들보다 더 행복하고 성공한 삶을 살고 있을 뿐만 아니라 현대적인 젠더 역할의 산 증인처럼 보이는 또 다른 커플을 우연히 만나면서 삐걱거리기 시작한다. 영화제 소개글. 자유로운 개인이 커플이 되어 꿈같은 휴양지에서 둘이서 꼭꼭 숨어 휴가를 즐긴다면? <에브리원 엘스>의 주인공들인 크리스와 기티는 표면적으로 그들의 사르디니아 휴양지에서 완벽하고 지고지순한 사랑의 행복에 빠져있다. 하지만 그들이 즐겁게 장난치며 노는 유희 가운데에는 비밀스러운 제의와 어리석은 습관들과는 모순되게 잠재적인 긴장이 병존한다. 활기 가득 찬 개성 있는 기티가 그녀의 남자 크리스에 대한 사랑과 헌신을 표현하는 데 두려움이 없다면, 크리스는 개인적이고 직업적인 불안감으로 삶의 변화에 유보적이다. 그들이 우연히 세속적이고 현대적인 성별역할을 그럴듯하게 더 잘 해내는 것처럼 보이는, 명백히 더 행복하고 더 성공한 또다른 커플을 만날 때 그들의 불안정한 정서와 상태는 제 모습을 드러낸다. 영화는 욕망, 비밀, 요구, 권력 투쟁과 제의의 매우 혼란스러운 그물망을 통해 미묘하게 유머러스하고 잔인할 정도로 소심한, 그들 자신의 정체성을 찾고자 하는 한 커플의 모순적인 욕망을 따라간다. 관계 그 자체에 깊이 빠져든 상세한 사랑이야기인 이 작품은 사랑에 대한 신화와 모델이 변화무쌍하게 출몰하는 모든 세대의 정서적인 혼란을 반영한다. 모방과 혼돈, 자신과의 싸움 등 연애의 막다른 골목에 맞닥뜨린 커플이 새롭게 발전된 페르소나와 함께 그들 자신과 서로를 발견하고 그밖에 다른 모든 이들처럼 행복해질 두 번째 기회를 과연 얻게 될 것인가? 아직도 자신을 드러내는 게 두려운 이들이 어떤 관계를 시작할 때, 두 사람이 형성하게 되는 이 새롭게 창조된 미묘하고 독특한 실재에 카메라 렌즈를 맞춘 독일 여성 감독 마렌 아데는 이 영화로 베를린국제영화제 은곰상을 수상했으며 주연배우인 버지트 미니쉬메이어는 여우주연상을 받았다. (변재란)",드라마/로맨스,독일,2009
S.O.P: 관리운용규정,https://pedia.watcha.com/ko-KR/contents/m5xXgb5,이라크내 아부 그라이브 수용소에서 벌어진 미군의 수감자 학대를 다룬 다큐멘터리,다큐멘터리/범죄/전쟁,미국,2008
타인,https://pedia.watcha.com/ko-KR/contents/mWymoMW,"평범한 사업가로 늘 평범한 출장을 다니는 후안 데우소사는 평소와 다를 것 없는 출장 길에서, 옆 좌석 남자가 갑자기 죽은 것을 발견한다. 이로서 출장은 이전과는 다른 여행길이 된다. 죽은 남자의 신원을 사용해 새로운 직업, 새로운 집, 새로운 삶을 가지게 된 것이다. 이제 후안은 자신이 누구인지, 자신에게 주어진 이 시간에 무엇을 할 것인지 찾아가기 시작하며, 바로 이것이 감독 로테르의 작품에 새겨진 각인과도 같은 주제이다. 진정 새롭게 다시 시작할 수 있는 기회를 맞은 후안은 이제 자신의 예전 삶으로 돌아갈 지를 결정해야 하는 상황에 놓인다. (제12회 부산국제영화제)",드라마,"프랑스, 아르헨티나, 독일",2007
엔 소프,https://pedia.watcha.com/ko-KR/contents/m5Dv63O,"새 아파트로 이사온 샤를로테는 이웃에 사는 트렌스젠더 베로니카와 만나게 된다. 처음엔 서로 냉담하게 대하지만 두 사람은 점차 친해지고, 결국 둘 사이엔 로맨틱한 긴장이 감돌게 된다. 영화의 제목 <소프>는 베로니카가 열광적으로 보는 미국 TV 연속극을 가리키는 동시에 소프 오페라처럼 서스펜스와 반복으로 이루어진 영화의 스타일을 의미한다. 감정의 혼란을 겪는 두 인물을 통찰력 있고 유머러스하게 그린 작품. 2006 베를린영화제 심사위원대상.",코미디/드라마,"덴마크, 스웨덴",2006
오프사이드,https://pedia.watcha.com/ko-KR/contents/mdKvPYO,"월드컵 16강 진출을 결정할 이란과 바레인의 예선 마지막 경기. 이란의 모든 남자들은 하나가 되어 열에 달떠있지만, 뜨거운 열기로 가득한 경기장밖에서 발만 동동구르는 사람들이 있다. 바로 이란의 여자 축구팬들. 세상 무엇보다 좋아하는 축구지만, 여성은 경기장안에 들어갈 수 없는 이란에서 그녀들의 축구사랑은 서글프다. 목숨을 건 사투 못지않은 나름의 필살기로 그녀들은 경기장안에 잠입하기 위한 불가능한 작전을 시작한다~! 경기가 시작되기도 전에 군인들에게 잡히고만 소녀들. 경기장바깥에 임시로 만들어진 약식 구치소에 감금된다. 소녀들은 직접 볼 수 없는 경기의 응원소리와 환호소리를 견뎌야 하는 신종고문에 시달리고, 더욱 가혹하게도 축구에 대해 아는 것이라곤 없는 어리버리한 병사의 중��계를 들으며 마음을 달래야 한다. 그러나 그녀들은 포기하지 않는다. 경기를 보기 위해서라면, 가능한 모든 트릭을 서슴지 않는 그들. 새로운 작전으로 탈출을 시도하는데..",코미디/드라마/스포츠,이란,2006
공작,https://pedia.watcha.com/ko-KR/contents/m5romVW,"1970년대 후반은 문화대혁명이 끝나고 아직도 중국정세가 어수선한 시기이다. 혼돈 속에서 갓 헤어나 희망은 구름처럼 젊은이들의 가슴에 피어나지만 마을 어느 한구석도 정리된 것은 없고 매사가 어수선하기만 하다. 중국 전체가 엄청난 변화를 겪은 후유증에 시달리는 시기가 이 영화의 배경이다. 이 영화는 중국북방에 살고 있는 5인 가족의 평범한 일상을 사실적으로 보여 준다. 이상주의자지만 저돌적인 20대 초반의 여주인공(??初 분)과 부모의 보호에서 겨우 살아가는 24살의 저능아 오빠, 심약하지만 예민한 17세 청소년은 하루하루를 힘겹게 살아간다. 마치 3부작을 엮어가듯 이 형제들의 생활을 마치 시골길 완행열차가 달리듯 보여 주지만 관객은 평탄한 마음으로 일어설 수가 없다. 제55회 베를린 영화제 심사위원대상(은곰상). (광주국제영화제)",드라마,중국,2005
잃어버린 포옹,https://pedia.watcha.com/ko-KR/contents/m5Zqj6d,남미의 비참한 현실을 고발하는 영화. 베를린 영화제 우수작품상인 심사위원단 은곰상 수상. 아리엘이 살고있는 곳은 부에노스 아이레스의 한 쇼핑단지. 이곳에서 아리엘의 어머니는 속옷가게를 운영하고 그의 형은 오퍼상을 한다. 때때로 불안이 엄습해오긴 하지만 대체로 평안한 삶을 사는 아리엘. 아리엘을 제외한 이곳 사람들은 대부분 외국 여권을 얻어 이곳을 탈출하기 위해 자신의 가계 중에 어디 외국인이 없나 만을 골똘히 연구하며 살아간다. 그러나 아리엘의 가장 큰 소망은 어느날 갑자기 사라져버린 아버지에 대한 진실을 알게 되는 것이다. 마침내 아버지가 돌아오고 그는 아리엘에게 새로운 진실을 알려준다. 그리고 이제는 어른이 된 아들에게 오랫동안 하지 못했던 깊은 포옹을 한다.,코미디,"아르헨티나, 프랑스, 이탈리아, 스페인",2004
어댑테이션,https://pedia.watcha.com/ko-KR/contents/mnWJGQO,"“네 멋대로 써라!!” 한 순간의 교통 사고로 가족을 모두 잃고 태풍으로 온실과 집마저 날아가버린 파란만장한 인생의 존 라로쉬. 집도 절도 없이 이곳 저곳을 떠돌아 다니며 신비의 난초를 찾는다. 그는 드디어 인디언들과 함께 캘리포니아 늪 지대에서 드디어 ‘유령 난초’를 찾는 데 성공하지만, 자연보호법 위반으로 재판을 받게 된다. 그의 특이한 이력에 관심을 갖게 된 저널리스트 수잔 올리언은 존에게 접근하고, 난초에 대한 그의 열정에 감명을 받는다. 기승전결도, 확실한 사건의 전개도 없는 소설의 각색에 고심하는 찰리에게 시나리오 작가가 되겠다며 찰리를 찾아온 쌍둥이 동생 도널드는 또 다른 골칫거리. 헐리웃의 흥행공식에 들어맞는 스릴러를 완성한 도널드는 일약 떠오르는 신인 작가의 반열에 오른다. ‘난초 도둑’과 도널드라는 두 가지 고민을 안고 있던 찰리는 결국 도널드의 충고대로 뉴욕에 살고 있는 소설의 원작자 수잔 올리언을 찾아간다. 하지만 소심한 찰리는 수잔에게 인사도 건네지 못하고 돌아선다. 찰리의 소심함을 보다 못한 도널드는 결국 뉴욕까지 날아와서 찰리인 척 하고 수잔 올리언을 찾아간다. 수잔을 인터뷰하던 도널드는 너무나 의례적이고 형식적인 수잔의 답변에서 뭔가 이상한 낌새를 눈치챈다. 수잔의 집을 몰래 관찰하던 찰리와 도널드는 수잔이 책의 주인공인 존 라로쉬와 내연의 관계임을 알게 되고, 둘을 추적한다. 그리고 서서히 밝혀지는 엄청난 비밀… 찰리와 도널드에게 비밀을 들킨 수잔과 존은 결국 둘을 죽이기로 하고 목숨을 건 한 밤의 대 추적이 벌어진다. 서서히 새벽은 다가오고 궁지에 몰린 두 시나리오 작가에게 남은 선택은…",코미디/드라마,미국,2002
그릴 포인트,https://pedia.watcha.com/ko-KR/contents/mW4Bzgd,"30대 후반의 라디오 호스트인 크리스와 그의 두 번째 아내인 카트린은 더 이상 집에서나 밖에서나 서로에게 할 말이 없다. 하지만 변화를 찾아 헤매던 크리스가 불륜을 저지르다 들켜버리게 되자 그들의 무료한 삶은 흔들리고, 이 사건을 계기로 그들은 자신의 삶에 대해 질문하기 시작한다. 60만 유로의 저예산으로 제작된 작품으로 소수의 연기자들과 촬영 스태프가 참가했고, 다큐멘터리적 요소들과 즉흥성을 강조하는 안드레아스 드레센의 연출 스타일이 돋보인다.",코미디/드라마,독일,2002
북경 자전거,https://pedia.watcha.com/ko-KR/contents/myWqzlO,"때묻지 않은 순수함과 성실함을 갖고있는 열 일곱 살 소년 '구웨이'. 그는 어려운 가정 환경 때문에 고등학교에 진학하는 대신 베이징에 자리를 잡고 물품 배달원으로 직업을 구한다. '구웨이'는 배달 일을 하기 위해 회사로부터 600위안 짜리 실버 자전거를 대여 받게 되고 그 자전거는 순수한 '구웨이'의 마음을 설레게 한다. 결국 돈을 벌어 그 자전거를 자신의 것으로 만들 결심을 한 '구웨이'는 손님들의 불평 불만과 주위의 좋지 않은 시선에도 자신의 일을 꿋꿋이 해 나간다. 갖은 고생을 해 가며 그가 600위안을 거의 모았을 무렵, '구웨이'는 그만 그토록 사랑하던 자전거를 도둑맞게 된다. 결국 베이징 전체를 뒤져가며 자전거를 찾아 나선 '구웨이'는 드디어 어떤 소년이 그 자신의 자전거를 타고 다니는 것을 목격하게 되지만 항상 친구들과 몰려다니는 불량스러운 그 소년에게 아무 말도 못한 채 고민만 하게 된다. 베이징 도시의 뒷골목에 살고있는 고등학생 '지안' 그는 행복하지 못한 가정환경 때문에 삐뚤어진 생활을 한다. 나쁜 친구들과 어울려 다니며 싸움질도 하는 그가 유일하게 좋아하는 것은 귀엽고 깜찍한 여고생 '지아오'와 그리고, 얼마 전 얻게 된 실버자전거이다. 자다가도 일어나 자전거를 볼 정도로 자전거를 사랑하는 '지안'은 '지아오'와 산책하던 도중 누군가가 자신의 자전거를 훔치고 있는 것을 목격하는데. 친구들을 불러 그 도둑을 추격한 '지안'은 결국 도둑을 잡아 두들겨 팬 후 자전거를 되찾는다. 피투성이가 되어 그 자전거가 원래 자신의 것이라고 주장하는 도둑 '구웨이'를 뒤로한 채 친구들과 유유히 돌아가는 '지안'. 도둑으로 몰린 '구웨이'는 포기하지 않고 자전거를 되찾기 위해 계속 '지안'주위를 배회하는데. 하나의 실버자전거를 둘러싼 그들의 싸움은 계속되고 그 사이 그 둘에겐 묘한 우정이 생기게 된다. 어쩔 수 없이 '구웨이'와 '지안'은 하나의 자전거를 서로 공유하는 방법을 터득해야만 하는데.",드라마,"프랑스, 대만, 중국",2001
집으로 가는 길,https://pedia.watcha.com/ko-KR/contents/mWpJmad,"도시에서 사업을 하는 루오 유셍은 평생을 한 곳에서 교사로 지내시다가 돌아가신 아버지의 장례식을 치르기 위해 고향으로 돌아온다. 그는 전통 장례를 고집하는 어머니의 부탁에 고심하다 부모님의 순수하고 아름다웠던 그 시절을 회상한다. 처음 사랑을 느끼고, 그 사랑에 잠 못 이루던 수많은 밤, 그와 우연이라도 마주치게 된다면하는 바람으로 시간을 보내던 그 시절. 머리핀을 찾으러 며칠을 자신이 뛰어갔던 그 길을 찾아다니던 그녀는 흙 속에서 반짝이는 머리핀을 발견하는데. 눈발 흩날리는 길을 따라 길게 늘어선 사람들의 행렬은 '죽은 자가 집으로 오는 길을 잊지 말고 기억하라'는 의미와 함께 눈물이 핑 돌만큼 아름다운 여운을 선사한다.",드라마/역사/로맨스,중국,1999
미후네,https://pedia.watcha.com/ko-KR/contents/m5eZkLW,"크라이스텐은 덴마크의 남쪽 섬 출신이지만, 코펜하겐으로 와서 직장도 잡고, 회사 사장 딸과 결혼식을 막 올린, 안정된 미래가 보장된 청년이다. 어느 날 갑자기 그에게 아버지가 돌아가셨다는 전화가 걸려오고, 오랫동안 잊고 살았던 가족을 찾아 시골 농장으로 떠나게 된다. 홀로 남은 정신지체 장애인인 형 루드를 혼자 둘 수 없게 된 크라이스텐은, 형을 돌보며 집안 일을 해 줄 사람을 찾아 신문에 구인 광고를 내게 된다. 코펜하겐에서 고급 콜걸로 일하면서 지친 나날을 보내고 있는 리바는 스토커의 음란전화에 시달리기 시작한다. 지긋지긋한 직업과 끈질긴 스토킹으로부터 벗어나고만 싶은 리바는 가정부를 구하는 신문광고를 보고 농장으로 떠날 결심을 한다. 학�교에서 퇴학당한 리바의 말썽쟁이 남동생 비야크까지 농장에 합류하면서 크라이스텐, 리바, 루드, 비야크, 이렇게 네 사람의 동거가 시작된다. 겉으로는 아무렇지 않은 척 하지만 각자 말 못할 비밀과 깊은 슬픔을 지니고 있는 네 사람 사이에는 평범하지 않은 우정과 예기치 못한 애정이 조금씩 싹트기 시작하는데…",로맨틱 코미디/드라마,"덴마크, 스웨덴",1999
왝 더 독,https://pedia.watcha.com/ko-KR/contents/mYdENg5,대통령 선거일을 며칠 앞두고 대통령의 성희롱 사건이 터진다. 이 일로 재선이 어렵게 되자 백악관은 정치 문제 해결사인 브린(로버트 드 니로)의 도움을 청한다. 브린은 언론과 여론의 관심을 다른 데로 돌리기 위해 알바니아와의 가상전쟁을 꾸민다. 가상 전쟁 장면 구성상의 필요 때문에 브린은 할리우드의 유명한 제작자 모스(더스틴 호프만)를 찾아간다. 모스의 도움으로 최첨단 컴퓨터 기술을 동원해 제작한 전쟁 장면을 만들어내 언론에 뿌린다. 이 일로 성희롱 사건은 잠잠해진다. 하지만 곧 반대 후보 진영과 CIA의 전략으로 전쟁이 끝난 것으로 보도가 되자마자 다시 성희롱 사건이 불거진다. 브린과 모스는 다시 책략을 꾸미는데...,코미디/드라마,미국,1997
하류,https://pedia.watcha.com/ko-KR/contents/mY5Q2JW,"샤오강(이강생)은 부모와 함께 타이페이의 아파트에서 살고 있다. 포르노 비디오업자를 애인으로 갖고 있는 어머니(시아오 링 루)는 집에 들어오면 방에 들어앉아 포르노 비디오만 본다. 퇴직 후 무료한 나날을 보내는 아버지(티엔 미아오)는 게이 사우나를 드나든다. 어느날 샤오강은 길에서 우연히 고교 동창 시앙키를 만나, 그녀가 일하는 영화촬영 현장에 놀러간다. 감독(안 위)은 샤오강에게 시체역을 부탁한다. 촬영이 끝난 후 샤오강은 한 소녀(시앙키 첸)와 섹스를 한다. 다음날 목에 심한 통증을 느낀 샤오강은 약도 발라보고 침도 맞아보지만 원인 모를 통증은 점점 심해만 간다. 그는 아버지의 손에 이끌려 심령술사의 치료를 받으러 태창시로 간다. 호텔에 묵는 동안 아버지는 게이 사우나를 찾아가고 샤오강도 같은 생각을 한다. 두 사람은 어두운 사우나에서 서로를 모른 채 관계를 맺는다. (이재훈)",드라마/로맨스,대만,1997
아름다운 청춘,https://pedia.watcha.com/ko-KR/contents/moW4GX5,"2차 세계대전 중인 1943년. 스웨덴의 작은 도시 말뫼의 한 고등학교. 크리스마스 휴일이 끝나고 새학기가 시작되는 첫날, 스틱(Stig: 요한 비더버그 분)은 새로 부임한 여교사 비올라(Viola: 마리카 라저카랜츠 분)와 세일즈맨인 남편 프랭크와 마주친다. 비올라와의 관계가 비정상적임을 깨달은 스틱은 자신을 짝사랑하던 또래 이웃 소녀와 풋풋한 사랑을 나누는 등 평범한 학생으로 돌아갈 결심을 한다. 하지만 자신을 멀리함을 느낀 비올라는 스틱과의 관계를 지속시키려는 여러가지 노력이 실패하자, 급기야 유급이라는 제재를 가한다. 또한 부모의 기대를 한 몸에 받을 뿐 아니라, 따르고 의지하던 형마저 잠수함 울프호의 침몰로 전사하자 스틱의 고뇌는 절정에 달한다. 17세 소년 스틱은 전쟁, 이루어 질 수 없는 사랑, 형의 죽음, 사춘기의 고뇌, 유급이라는 좌절 등을 겪으며 한층 성숙되어 간다.",드라마/로맨스/전쟁,"덴마크, 스웨덴",1995
스모크,https://pedia.watcha.com/ko-KR/contents/mObAQLW,"브룩클린의 한 담배 가게의 단골 손님인 소설가 폴(윌리엄 허트 분)을 축으로 이야기는 시작된다. 오기 렌(하비 케이틀 분)은 13년 동안 매일같이 아침마다 같은 장면만을 찍어 배경은 한결같고 인물만 다른 사진이 이젠 무려 4,000여 장이 되었다. 마치 자기가 영화 속의 주인공이라도 된 양 거짓 이름을 말하고 온갖 허풍을 다 떨어대는 라시드(해롤드 페리누 분). 음주운전으로 아내를 죽인 후 평생 그 죄책감에 쫓겨다니는 라시드의 생부 사일러스(포레스트 휘테이커 분). 18년만에 옛애인을 찾아와 사정을 하는 외눈 여인 루비(스톡커드 캐닝 분). 이들은 폴과 오기를 둘러싸고 풀리지 않는 실타래처럼 뒤엉켜 각자의 혹은 서로의 삶을 엮어나간다. 한편 오기는 18년 동안 보지 못했던 옛 애인 루비 맷넛을 만나게 되고 그로부터 둘사이에 딸이 있음알 알게된다. 그러나 오기는 그 말을 믿지 않고 그녀가 돈 때문에 그를 찾아왔다고 생각한다. 나중에 딸을 찾아간 오기는 그녀의 냉담한 반응에 실망하고 돌아온다.",코미디/드라마,"독일, 일본, 미국",1995
딸기와 초콜릿,https://pedia.watcha.com/ko-KR/contents/mWL4NNW,이 영화는 데이비드와 디에고라는 두 남자가 자신들의 정체성을 찾아가는 이야기이다. 데이비드는 하바나 대학에서 사회과학을 공부하고 게이인 디에고는 자신의 삶을 쿠바 문화에 헌신한다. 전자는 복잡한 인간관계에 열려있고 후자는 소수 커뮤니티 출신의 불리함을 극복하고 명성을 얻기 위해서 노력한다.,코미디/드라마/로맨스,"쿠바, 멕시코, 스페인, 미국",1993
아리조나 드림,https://pedia.watcha.com/ko-KR/contents/mP5mwAO,"뉴욕시에 거주하는 어류 연구원 액셀 블랙마의 흥미를 끄는 건 물고기가 어떻게 꿈을 꾸느냐 하는 것이다. 그러던 어느 날 액셀은 조카에게 캐딜락 대리점을 가업으로 물려주고 싶어하는, 삼촌 레오의 호출을 받게 된다. 물고기의 꿈에 매료되어 있던 액셀은 마지못해 고향으로 내려가, 삼촌이 젊은 여자와 결혼 준비를 하는 동안, 따분하게 차를 지켜보며 대리점을 돌본다. 어느날 액셀은 울음을 그치는 방법을 배우기 위해 삼촌과 결혼을 한다는 여자의 말을 듣는다.그러던 그는 어느 날 부유한 광산업주인 매력적인 미망인 엘레인과 그의 사이 나쁜 의붓딸 그레이스를 만나고 액셀과 엘레인은 금방 서로에게 호감을 갖게 된다. 그들이 사랑을 나누는 동안 그레이스는 아코디언으로 거북이에게 음악을 들려주고 있었고, 그레이스 역시 액셀에게 남다른 감정을 갖고 있다.영화는 이들의 얽히고 설킨 관계를 배경으로 날기를 원하는 엘레인과 자동차들로 피라밋을 쌓아 그 위에 올라가기를 꿈꾸는 레오, 자신을 날아다니는 물고기라고 여기며 가족들의 생계를 위해서 낚시와 사냥을 하는 에스키모인들과 같은 야생의 꿈을 꾸는 액셀 등, 하나 같이 날기를 원하는 몽상가들의 이야기를 몽환적이고 초현실적인 영상으로 그려내고 있다.",코미디/드라마/판타지/로맨스,"프랑스, 미국",1993
엠마와 부베의 사랑,https://pedia.watcha.com/ko-KR/contents/m5mzoDW,"부다페스트의 어느 학교에서 러시아어를 가르치며 교원 숙소에서 한방을 쓰는 엠마와 부베는 둘도 없는 친구 사이다. 소련의 붕괴 후, 러시아어 교사들은 당국으로부터 영어를 배워서 학생들을 가르치라는 지시를 받는다. 한편 엠마는 유부남인 학교 교장 스테파닉스와 불륜을 맺고 그에게서 벗어나지 못하고 자유분방한 부베는 더 나은 삶을 꿈꾸며 산다. 부베와 다른 여교사들은 엠마를 데리고 시내의 카페에 가서 외부 남자들과 술을 마시기도 하지만 엠마는 그런 자리에 어울리지 않고 빠져 나간다. 자신을 피하면서 놓아주지 않으려는 스테파닉스와 현실의 외로움을 그에게 도피함으로써 잊으려는 엠마는 위태로운 관계를 계속해 나간다. 그러던 어느날 숙소에 돌아온 엠마는 경찰로부터 부베가 매춘과 불법, 외화 및 마약 중개에 관련되어 체포됐다는 말을 듣는다. 경찰의 증인 심문과 스테파닉스의 추궁에 엠마는 더욱 절망한다. 두달 뒤, 숙소에 홀연히 나타난 부베는 건물 위에서 투신 자살을 한다. 학교를 그만두고 거리에서 신문 팔이로 전략한 엠마의 외침 소리가 더욱 애초로와진다.",드라마,"헝가리, 독일",1992
사탄,https://pedia.watcha.com/ko-KR/contents/m5nyA3d,m5nyA3d,스릴러,소련,1991
컨빅션,https://pedia.watcha.com/ko-KR/contents/md73P8d,"산드라(클레어 니보트)는 폐문 시간이 임박해서 박물관을 나오다가 박물관 어딘가 빠진 열쇠를 찾으러 되돌아 갔는데 문이 닫힌 것도 모르고 갇혀, 혼자 하룻밤을 박물관 안에서 보낸다. 무료한 시간을 보내기 위해, 박물관 안을 서성이던 산드라는 우연히 한 남자를 만나게 된다. 건축가인 그 남자는 산드라가 심취한 레오나르도 다빈치의 그림에 대해 일가견을 가지고 있는 인텔리였지만, 밤이 깊어감에 따라 남자의 본색을 드러내, 산드라를 유혹하여 육체관계를 갖는다. 날이 밝아, 건축가는 산드라를 밖으로 안내한다. 처음부터 건축가는 박물관의 출입문 열쇠를 갖고 있었던 것이다. 일상으로 돌아온 산드라는 열쇠를 가지고 있었으면서 자신을 밖으로 보내주지 않은 건축가를 강간죄로 고소하고 마는데..",드라마,"이탈리아, 프랑스, 스위스",1991
무기력 증후군,https://pedia.watcha.com/ko-KR/contents/md74RN5,"남편을 잃은 슬픔에 잠긴 나타샤는 홀로 도시를 떠돌며 종종 충동적인 행위를 한다. 한편 문학 교사인 니콜라이는 자신의 일은 물론 학생들, 나아가 사회에도 별 관심이 없다. 기면증까지 갖고 있는 그는 주위 사람들과는 다른 리듬으로 살아간다. 영화는 두 사람의 메마른 표정과 도시의 삭막한 풍경, 그리고 기묘한 사건을 제시하며 공산주의 체제 붕괴 이후 러시아 사회의 단면을 강렬한 이미지로 포착한다. 1990년 베를린영화제 은곰상 수상. [2019 한국시네마테크협의회 - 야성적 순수: 키라 무라토바 회고전]",드라마,소련,1989
만종,https://pedia.watcha.com/ko-KR/contents/mWL0ppW,mWL0ppW,드라마,중국,1989
코미짜르,https://pedia.watcha.com/ko-KR/contents/mdKN8VO,"백러시아군과 혁명 전쟁을 치르고 있는 '붉은 군대'의 기병대 인민 위원 바빌로바는 베르디체프시에 진주하자마자, 탈영하여 아내와 함께 숨어있다 잡혀온 이멜린을 총살한다. 그러나 이때 이미 바빌로바 자신도 임신하여 만삭이 된 몸이다. 부대장 카질레프와 은밀히 상의한 끝에 아기를 낳기 위해 마을의 한 유대인 가정에 들어가게 된다. 그 집의 가장이며 양철공인 예핌과 그의 아내 마리아는 여섯 아이를 키우며 사는 마음씨 착한 부부다. 이들의 보살핌으로 무사히 사내 아기를 출산하는 바빌로바는 아기의 이름을 끼릴이라고 짓는다. 아기 아버지진 끼릴의 이름을 아기에게 붙여준 것이다. 그러나 전장에서 바빌로바와 짧은 사랑을 나눴던 끼릴은 얼마전 격렬한 전투에서 전사하였다. 바빌로바는 예핌 가정의 사랑에 감화되어 잃어버렸던 따뜻한 심성을 서서히 되찾고 아기에 대한 모성애도 느끼게 된다. 그러나 전세가 붉은 군대에 불리해진 어느날, 카질레프가 찾아와 퇴각 소식을 알린다. 카질레프는 바빌로바에게 부대 야전병원을 따라 함께 퇴각하기를 권하지만 자신의 내면에서 새로운 인성과 모성 본능을 발견한 바빌로바는 부대로 돌아가기를 꺼린다. 그날 부대는 퇴각하여 도시를 빠져나가고 멀리서는 백러시아군의 포성이 들려온다. 그날 밤, 점점 가까워지는 포성을 들으며, 백러시아군이 얼마나 포악한지 얘기하는 예핌의 말에 갈등을 느끼는 바빌로바, 다음날 새벽, 바빌로바는 아기에게 눈물로 마지막 젖을 먹인 후 그 핏덩이를 에핌의 집에 남겨둔 채 붉은 군대에의 집결지 민등산으로 향한다.",드라마/전쟁,소련,1967
바다와 독약,https://pedia.watcha.com/ko-KR/contents/mdjKgl5,"엔도 슈시쿠의 원작 소설은, 태평양 전쟁말기, 실제로 있었던 미군포로의 생체해부사건을 바탕으로 쓰여 졌으며, 영화화 되면서 의학적으로도 면밀하게 고증 되어졌는데, 촬영시에 스탭들의 혈액이 제공되어, 타일로 되어있는 병실 바닥 위로 흘러 내리는 피를 어떻게 찍을까를, 감독이 스탭들과 열심히 상의했다고 한다.",드라마,일본,1986
미사는 끝났다,https://pedia.watcha.com/ko-KR/contents/mOV97YW,"젊은 사제 돈 줄리오는 십년동안 살던 섬을 떠나, 그의 고향인 작은 로마 교구 로 가게 된다. 하지만 성당은 운영되지 않다는 것을 알게 된다. 전 사제는 근처에서 여 자와 살면서 아들까지 있었고, 줄리오는 부모, 여동생, 옛날 친구들을 만나지만 그들은 변해 있었다. 마을사람들이 처한 어려움을 도우려고 하지만 그의 도움도 거절하고 자신 의 가족들마저도 해체되고 있었다. 줄리오는 사람들과 더 가깝게 지낼 수 있는 먼 곳으 로 떠나기로 결정한다. [제10회 이탈리아영화제]",코미디/드라마,이탈리아,1985
플라워즈 오브 레버리,https://pedia.watcha.com/ko-KR/contents/mWwga3W,mWwga3W,드라마/역사,헝가리,1985
퍼니 더티 리틀 워,https://pedia.watcha.com/ko-KR/contents/m5mM3B5,m5mM3B5,코미디/드라마/전쟁,아르헨티나,1983
어 시즌 인 하카리,https://pedia.watcha.com/ko-KR/contents/md6M4KO,md6M4KO,드라마,"튀르키예, 서독",1983
쉬버스,https://pedia.watcha.com/ko-KR/contents/mW40voW,mW40voW,드라마/역사,폴란드,1981
인 서치 오브 페민,https://pedia.watcha.com/ko-KR/contents/mdRE9Pg,mdRE9Pg,드라마,인도,1981
피난처를 찾아서,https://pedia.watcha.com/ko-KR/contents/mWw3AR4,mWw3AR4,코미디/드라마,"이탈리아, 프랑스",1979
"알렉산드리아, 왜?",https://pedia.watcha.com/ko-KR/contents/mdKNMRO,‘알렉산드리아’ 연작 중 첫 번째에 해당하는 는 혼란스런 2차 세계대전의 암흑기에 행복을 찾으려 분투하는 이집트의 젊은 커플에 대한 이야기이다. 할리우드 영화의 화려함에 매혹되어 있는 십대 소년 예히아는 주변을 가득 메우고 있는 공포 분위기에서 벗어나 상상의 세계로 도피한다. 하지만 그는 유럽을 점령한 나치의 잔학상에 대해 하나 둘씩 알아가면서 실제 삶의 참혹한 현실을 외면하기 어려워진다. 특히 지방출신의 소녀와 사랑에 빠진 후에는... - 2007년 유세프 샤힌 특별전,드라마,"이집트, 알제리",1979
더 폴,https://pedia.watcha.com/ko-KR/contents/m5rJ0j5,m5rJ0j5,드라마,브라질,1978
아마도 악마가,https://pedia.watcha.com/ko-KR/contents/mOPzoa5,"68혁명의 기운이 사라진 1970년대 중반의 프랑스, 염세적이고 패배적인 기운이 가득한 젊은 세대를 보면서 고뇌하던 브레송이 그 절망감을 필름에 담아냈다. 실제 자살한 청년의 이야기를 모티브로 하여 어떠한 사회적 제도와 종교, 교육도 인류를 구원하거나 세상을 바꿀 수 없음을 알고, 오직 죽음으로만 존재를 확인하려는 샤를르의 이야기를 들려준다.",드라마,프랑스,1977
카노아,https://pedia.watcha.com/ko-KR/contents/m5rM6Nj,m5rM6Nj,모험/범죄/스릴러/드라마,멕시코,1976
오버로드,https://pedia.watcha.com/ko-KR/contents/mWqJbKN,mWqJbKN,드라마/역사/전쟁,영국,1975
더 커먼 맨,https://pedia.watcha.com/ko-KR/contents/m5njNXk,m5njNXk,드라마,프랑스,1975
생 폴의 시계상,https://pedia.watcha.com/ko-KR/contents/mOV9LNW,"리옹의 생 폴 지역에서 시계를 만드는 미셸은 평범하고 소박하지만 나름대로 충실하게 자신의 삶을 살고 있다. 미셸은 장성한 아들 베르나르와 함께 살고 있는데, 어느 날, 경찰이 미셸을 찾아와 베르나르가 살인을 저질렀으니 수사에 협조해 달라고 요청한다. 미셸은 돌이켜 생각해보니 자신이 아들에 대해 아는 것이 별로 없음을 깨닫고 허탈해진다. 결국 베르나르가 붙잡혀 오는데, 미셸은 자신이 안다고 생각했던 아들과 너무 다른 베르나르의 모습에 충격을 받지만, 결코 아들을 비난할 수 없다. 타베르니에의 장편데뷔작으로, 인간의 깊은 내면 심리와 사회상을 그린 조르주 심농의 소설을 영화화했다. 타베르니에는 사회변화 또는 어떤 사건으로 인한 심리의 변화와 삶을 대하는 태도의 변화를 세심하게 그려냈다. * 1974 베를린영화제 은곰상-심사위원특별상 등 2개 �부문",범죄/드라마,프랑스,1974
웨어 데어즈 스모크,https://pedia.watcha.com/ko-KR/contents/mWy67VO,mWy67VO,드라마,"프랑스, 이탈리아",1973
종합병원,https://pedia.watcha.com/ko-KR/contents/mWz8KNd,"세 번이나 아카데미상을 수상한 작가 패디 쉐이프스키가 각본을 쓴 작품으로 1971년 아카데미 각본상과 골든 글로브 각본상을 수상한 작품이다. 은 의사인 허버트 보크(조지 C. 스코트)를 중심으로 이야기가 펼쳐지는 블랙 코미디다. 유능한 의사이지만 냉소적이고 늘 자살을 염두에 두고 있는 보크로 분한 조지 C. 스코트의 연기가 눈여겨볼만 하다. 병원에서 연달아 환자들이 사망하는데, 곧이어 이들의 죽음이 주위의 의사와 간호사들의 부주의와 소홀함 때문이라는 것이 밝혀진다. 보크는 이 사실에 견딜 수 없어하고, 외로움에 지진 보크의 환자인 에드문드(버나드 휴이스)의 딸 바바라(다이애나 리그)의 매력에 빠지게 된다. 한편 의문에 싸인 살인자가 나타나 병원을 혼란에 빠트리고 의료진의 부주의함이나 소홀함이 아닌 다른 원인으로 사망한 사람이 나타나게 된다. 과연 살인자는 누구��일까?",코미디/드라마/미스터리,미국,1971
데카메론,https://pedia.watcha.com/ko-KR/contents/m5Dgmed,"파졸리니가 각본, 감독, 배우를 겸했으며 14세기 이탈리아의 작가 보카치오가 쓴 소설에 나오는 몇몇 이야기를 풍부하게 제작한 서사 영화이다. 파졸리니는 예술가, 성직자, 마법사들이 거주하는 중세 이탈리아의 이야기들을 하나의 음탕한 타피스트리로 엮는다. 전 르네상스의 위대한 화가 지오토의 역으로 나오는 파졸리니는 감각과 불경스러운 유머로 관객들을 원숙한 영화적 풍경으로 이끈다.",코미디/드라마/역사/로맨스,"이탈리아, 프랑스, 서독",1971
섬씽 라이크 러브,https://pedia.watcha.com/ko-KR/contents/mWzAMD5,mWzAMD5,드라마,이탈리아,1968
사인즈 오브 라이프,https://pedia.watcha.com/ko-KR/contents/mWpzgad,"헤어조크 감독이 24세에 연출한 장편 데뷔작으로 제2차 세계대전 점령기 시 그리스의 어느 섬에 머물게 된 독일 장병 스트로첵이 광기에 빠져드는 이야기이다. 군수품 창고를 지키는 임무를 받은 스트로첵은 아무 일도 일어나지 않는 섬의 평온함에 어느 날 발작을 일으키고 섬의 모든 사람에게 이유 없는 반항을 감행하게 된다. 영화는 ""강박관념에 사로잡힌 주인공, 매혹적이면서도 동시에 위압적인 자연의 풍경, '순환'하는 원의 이미지 등"" 향후 헤어조크적이라고 불린 모티프들을 보여주고 있다. (2012 한국영상자료원 - 베르너 헤어조크 감독전)",드라마,서독,1968
보호받지 못한 순수,https://pedia.watcha.com/ko-KR/contents/mdjKjw5,나치 점령기 유명한 곡예사 알렉시치가 찍은 동명의 영화에 대한 인터뷰와 기록영상을 혼합한 콜라주. 다큐멘터리와 픽션 사이를 분방하게 오가는 이 영화를 통해 위험천만한 곡예의 진실과 이미지와 영상 등을 병치해 새로운 개념을 만드는 변증법적 몽타주 기법을 확인할 수 있다. (제13회 전주국제영화제),다큐멘터리/코미디/드라마,유고슬라비아,1968
"넥스트 이어, 세임 타임",https://pedia.watcha.com/ko-KR/contents/mdKPX15,mdKPX15,드라마,서독,1967
노 슈팅 타임 포 폭시즈,https://pedia.watcha.com/ko-KR/contents/m5QgnJO,m5QgnJO,드라마,서독,1966
더 체이서즈,https://pedia.watcha.com/ko-KR/contents/mdKZ0DY,mdKZ0DY,드라마,스웨덴,1965
혐오,https://pedia.watcha.com/ko-KR/contents/mO23ENd,"피부관리실에서 일하는 캐롤은 침울한 성격의 소유자로, 언니 헬렌과 함께 아파트에 살고 있다. 성적 결벽증이 있는 그녀는 언니가 마이클과 동거하는 것을 못마땅해 하고, 자신에게 구애하는 콜린도 받아들이지 못한다. 그러던 어느 날 헬렌이 밀린 집세를 캐롤에게 맡기고 마이클과 함께 여행을 떠나자 캐롤은 강간을 당하는 환각증세에 사로잡힌다. 결국 그녀는 집에 찾아온 남자들을 살해하는데...",드라마/공포/스릴러,영국,1965
행복,https://pedia.watcha.com/ko-KR/contents/mO29j8W,"아내, 두 아이와 행복한 가정을 꾸려가던 남자 주인공은 우연히 우체국에서 일하는 여자와 만나 사랑에 빠지게 되면서 더 커다란 행복감을 맛보게 된다. 그러나 아내에게 어떤 것도 숨길 수 없는 그는 자신의 외도를 고백하게 되고, 가족 나들이를 나간 날 아내는 호수에 몸을 던져 자살한다. 이전 아내의 자리를 대신하게 된 우체국 여직원은 마치 아무일 없었다는 듯이 집안 일을 하고 아이들을 키운다. 이렇게 새로 구성된 가족이 가을나들이를 나간 모습으로 영화는 끝이 난다. 결국 진정한 행복이란 무엇인가, 성적 관계와 성역할의 본성은 무엇인가, 이 모든 것들과 사회의 관계는 무엇인가 등에 대한 문제제기를 피할 수 없게 된다.",드라마/로맨스,프랑스,1965
쓰레기장의 개,https://pedia.watcha.com/ko-KR/contents/mOAkQ7Q,"프랑스 시골의 작은 마을, 미랄레스는 자신의 절친을 '개(도그)'라는 별칭으로 부른다. 이 둘은 지금까지 삶의 대부분 시간을 함께 보내왔다. 그해 가을, '도그'에게 여자 친구가 생기고, 둘의 친구 관계에 변화가 일어난다. [25회 전주국제영화제]",코미디/드라마,프랑스,2023
"올란도, 나의 정치적 자서전",https://pedia.watcha.com/ko-KR/contents/m5DPakQ,"1928년, 버지니아 울프는 『올란도』를 썼다. 주인공의 성별이 바뀌는 첫 번째 소설이었다. 한 세기 뒤, 트랜스 작가이자 활동가인 폴 B. 프레시아도는 버지니아 울프에게 영화 편지를 보내기로 한다. 올란도가 소설에서 나와 버지니아 울프가 상상하지 못한 삶을 살아간다. [2023년 제24회 전주국제영화제]",다큐멘터리/드라마,프랑스,2023
스파이의 침묵,https://pedia.watcha.com/ko-KR/contents/mOgjo4a,"[제23회 전주국제영화제 국제경쟁 심사위원특별상] 영화는 과테말라 역사상 가장 억압적이었던 정부에 잠입한 한 저널리스트의 삶을 쫓으며, 침묵을 강요당한 나라의 기억으로 우리를 이끈다.",다큐멘터리,과테말라,2021
도쿄의 쿠르드족,https://pedia.watcha.com/ko-KR/contents/m5Nn3BE,"[제23회 전주국제영화제 국제경쟁 심사위원특별상] 터키 쿠르드족 난민이 일본으로 와 도쿄 교외 지역에 정착하기 시작한 건 1990년대부터다. 현재 그 수는 2천여 명에 달하지만 여전히 이들은 불법 이민자 신세다. 여기에 오잔(18), 라마잔(19), 메흐메트(38)가 살고 있다.",다큐멘터리,일본,2021
친구들과 이방인들,https://pedia.watcha.com/ko-KR/contents/mW42rEo,"현대 호주에서의 배제, 단절, 권태를 중상류층 밀레니얼 세대인 앨리스와 레이의 시선을 통해 바라본 초현실적 코미디 드라마. 삼십 대를 눈앞에 둔 두 사람은 특권층으로 태어났지만, 비정규직 노동, 밋밋한 연애, 현실성 없는 사업 계획 사이에서 갈 곳 없이 떠다닐 뿐이다. [제22회 전주국제영화제]",코미디/드라마,호주,2021
그해 우리가 발견한 것,https://pedia.watcha.com/ko-KR/contents/mdKpvQ7,"영화의 원제 ‘발견의 해’는 콜럼버스가 아메리카 대륙을 발견한 1492년을 지칭한다. 반면 현대 역사에서 ‘발견의 해’로 얘기되는 1992년은 바르셀로나 올림픽과 세비아 엑스포가 열려 ‘강국 스페인’으로서의 이미지를 다시금 내세운 해였다. 또한 무르시아 지역 산업 위기로 엄청난 규모의 노동자 시위가 일어난 때였으나 미디어는 ‘잔치’만을 기록하기에 바빴다. 영화는 1992년과 현재를 오가며 무르시아 시내 한 카페에서 다양한 연령��대의 사람들이 나누는 대화를 기록한다. 일상 얘기부터 노동조합, 인종 차별, 파시스트, 독재로 이어지는 토론까지 카메라는 화자와 청자를 클로즈업해 보여준다. 두 개로 분할된 화면에 인물들의 리액션과 주변 환경을 산발적으로 제시함에도 그들의 주장은 전혀 힘을 잃지 않고, 오히려 전면에 등장해 힘을 과시한다. 정치적 열망 속에 피어나는 희망과 냉소 어린 토론은 논의되는 주제가 몇 년도의 것인지 헷갈릴 만큼 현재적이다. 위험천만하지만 절실했던 실천을 이룬 그해, 과연 무르시아 사람들이 발견한 것은 무엇이었을까? [제21회 전주국제영화제/ 문성경]",다큐멘터리,"스페인, 스위스",2020
지난밤 너의 미소,https://pedia.watcha.com/ko-KR/contents/mOlwRGL,"캄보디아 프놈펜의 상징적인 건축물인 화이트 빌딩은 철거될 상황에 놓인다. 철거 직전, 감독인 카빅 능은 자신의 가족을 포함해 세 가족의 모습에 주목한다. 철거민들이 짐을 싸고, 추억과 불안을 공유하며 건물이 완전히 허물어지기 전 이사를 나가는 일련의 과정이 카메라에 담긴다. [제16회 EBS 국제다큐영화제][제20회 전주국제영화제]",다큐멘터리,캄보디아,2019
회귀,https://pedia.watcha.com/ko-KR/contents/mOVvP61,카롤린과 토마스는 덴마크로 입양된 한인이다. 그들은 부모를 찾아 처음으로 한국을 방문한다. 합정과 홍대 그리고 이태원에 머물며 혼돈의 감정과 다른 입양인들과의 대화와 만남을 통해 삶과 운명에 대한 질문이 늘어난다. [제19회 전주국제영화제] [제6회 디아스포라영화제],다큐멘터리/드라마,덴마크,2018
인류의 상승,https://pedia.watcha.com/ko-KR/contents/m5Y6QAR,일자리를 잃었으나 구직 생각이 없는 엑스는 모잠비크 출신의 알프를 만난다. 알프 역시 일에 염증을 느끼고 아키라는 소년을 따라 정글로 간다. [제18회 전주국제영화제],드라마,"아르헨티나, 브라질, 포르투갈",2016
인 비트윈,https://pedia.watcha.com/ko-KR/contents/mOl4MqN,"고향의 전통과 대도시 문화 사이에 놓인 세 명의 팔레스타인 여성. 직장, 파티, 섹스, 선택의 자유 등 그들이 치러야 하는 삶의 대가는 자명하다. [제18회 전주국제영화제]",드라마,"프랑스, 이스라엘",2016
상처받은 천사,https://pedia.watcha.com/ko-KR/contents/mWpmxRm,"90년대 중반의 카자흐스탄. 밀가루 포대를 날라 생계를 꾸리는 자하라, 노래경연을 준비하는 쉭, 고철을 줍는 토드, 의대입학을 앞두고 여자친구의 임신을 알게 된 아슬란- 네 명의 10대는 현실의 벽에 온몸으로 부딪친다. [제17회 전주국제영화제]",드라마,"독일, 프랑스, 카자흐스탄",2016
전쟁을 준비하라,https://pedia.watcha.com/ko-KR/contents/m5aV3pj,종말은 할리우드를 비롯한 허다한 영화들의 소재를 제공했다. <전쟁을 준비하라>는 세계의 종말을 대비하여 자연에서 군사훈련을 받는 사람들에 관한 이야기이다. 세기말의 분위기가 팽배한 아르헨티나에 관한 상상.,SF,"아르헨티나, 오스트리아, 우루과이",2015
호텔 누에바 이슬라,https://pedia.watcha.com/ko-KR/contents/mObG4LN,한 때 고급 호텔이었으나 지금은 폐허가 된 호텔 누에바 이슬라. 이곳의 마지막 거주자인 호르헤는 건물 수명을 연장하기 위해 안간힘을 쓴다. 그의 눈물겨운 노력에도 불구하고 호텔은 영화롭던 과거로 돌아갈 수 없다. 무가치해 보이는 것의 아름다움을 발견하게 해주는 시적 다큐멘터리이다. [제15회 전주국제영화제],다큐멘터리/전기/드라마,"스페인, 쿠바",2014
눈물과 웃음의 베오그라드 안내서,https://pedia.watcha.com/ko-KR/contents/m5QZq7W,"옴니버스 형식으로 이루어진 이 작품은 세르비아의 수도 베오그라드에서 일어나는 네 커플의 이야기를 다룬다. 가수 실비, 대사관에서 일하는 브라이언 등의 이야기는 러브 스토리 안에 예술, 정치를 아우르는 흥미로운 말하기의 방식이며, 우리의 삶에 대한 퍼즐이 된다. (14회 전주국제영화제)",코미디/드라마/로맨스,"세르비아, 독일, 프랑스, 헝가리, 크로아티아",2011
엑스 프레스,https://pedia.watcha.com/ko-KR/contents/mOoJeNW,"기찻길 위 카메라에 담긴 감독의 시선은 몽환적이면서도 날카롭다. 기차를 중심으로 살아가는 사람들과 그들을 둘러싸고 있는 기차, 그리고 불길한 일들에 대한 꿈들이 픽션과 팩트가 뒤엉킨 채로 표현된다. 모든 씬들이 오직 한 테이크만으로 만들어졌다. (제13회 전주국제영화제)",다큐멘터리/드라마,필리핀,2011
엘류테리아의 꿈,https://pedia.watcha.com/ko-KR/contents/mO2oEnd,영화는 가족의 빚을 갚기 위해 얼굴도 모르는 나이든 외국인과 결혼을 결심한 엘류테리아가 집을 나서서 배를 타기 직전까지 겪게 되는 사건들을 하나의 쇼트로 보여준다. 한정된 공간과 롱테이크 씬으로 긴장감과 재미를 동시에 선사하는 감독의 실험정신이 돋보이는 작품.,드라마,필리핀,2010
고추잠자리,https://pedia.watcha.com/ko-KR/contents/mO8MNbd,"뉴욕에서 막 돌아온 신진 화가 레이첼은 어린 시절 친구인 티엔, 준지에와의 추억을 떠올리고 상념에 젖는다. 10대 시절, 버려진 철길을 따라 하루 종일 무작정 걷고 또 걸었던 그들만의 하이킹 여행. 하지만 성장해서 다시 만난 티엔과의 사이는, 더 이상 예전 같지 않다. <고추 잠자리>는 상실과 그리움에 대한 영화다. 현재의 공간에 부재한, 두 번 다시 돌아올 수 없는 어린 시절의 기억과 꿈. 영화는 그 잃어버린 시간들을 마법처럼 되돌림으로써, 싱가포르의 현재와 과거를 조망한다.",드라마,싱가포르,2010
인랜드,https://pedia.watcha.com/ko-KR/contents/mOAMymO,"어느 날 밤, 불현듯 폭발음이 들리고 홀로 지내는 마렉의 오두막으로 도주 중이던 아프리카 여인이 숨어든다. 그는 이 낯선 방문자를 돕기로 하고 그녀와 함께 언제 끝날지 모를 여행을 시작한다. 메마른 사막에서 이방인처럼 살아가는 주인공의 모습은 어쩐지 알제리와 프랑스 사이에서 길을 잃은 채 살아가는 감독의 모습과 닮아있다. 끝이 보이지 않는 거대한 사하라 사막의 풍경을 거칠지만 담대하게 담아낸 영상 미학과 이국적인 북아프리카의 음악이 흥미로운 작품. 2008 베니스영화제 국제비평가상 수상.",드라마,"알제리, 프랑스",2008
